"name","year","elecons","allowances","crimes","urban","wages","nonworking","pop","detect"
"Powiat bocheński","2022",705.1,1606,1897,29.42,84.2,0,106878,83.6
"Powiat krakowski","2022",878.8,4079,2968,14.75,95.2,0,300289,65
"Powiat miechowski","2022",721.9,1083,748,23.46,80.8,0,46998,70.9
"Powiat myślenicki","2022",751.7,625,1576,23.59,83.6,0,129538,81
"Powiat proszowicki","2022",872.2,1712,330,19.34,83.2,0,42268,68
"Powiat wielicki","2022",870.7,1172,2303,30.87,92.5,0,142044,78.6
"Powiat m. Kraków","2022",984.1,57319,21819,100,121.7,0,803282,60
"Powiat gorlicki","2022",640,4125,2953,31.42,75,0,105782,93.2
"Powiat limanowski","2022",668.9,1268,1854,16.98,77.3,0,131549,85
"Powiat nowosądecki","2022",712.4,2241,2338,15.94,76.6,0,214933,72.1
"Powiat m. Nowy Sącz","2022",728.1,7852,5473,100,81.7,0,80587,78.8
"Powiat chrzanowski","2022",803.8,13387,3164,60.5,89.8,0,119719,74.3
"Powiat olkuski","2022",768.1,4057,1858,47.2,87.9,0,106843,74
"Powiat oświęcimski","2022",745,9366,3563,51.45,88,0,149304,84
"Powiat wadowicki","2022",780,6181,2460,25.62,80.3,0,157855,77.8
"Powiat brzeski","2022",648.2,1346,2990,19.97,76.5,0,91823,89.8
"Powiat dąbrowski","2022",540.4,1023,1627,26.98,78.6,0,57809,72.6
"Powiat tarnowski","2022",613.8,1220,5289,11.61,74.7,0,197717,68.9
"Powiat m. Tarnów","2022",588.6,20453,2887,100,100.2,0,103960,70.3
"Powiat nowotarski","2022",791.3,2644,3849,26.68,77.1,0,190143,65.5
"Powiat suski","2022",797.7,845,1164,23.95,82.9,0,83127,73.3
"Powiat tatrzański","2022",1498,1459,1971,38.14,82.3,0,66566,59.4
"Powiat bielski","2022",871.3,2602,4424,26.21,87.6,0,165836,68.4
"Powiat cieszyński","2022",866.2,9084,3971,43.94,87.1,0,175579,66.6
"Powiat żywiecki","2022",903.2,3610,3123,19.99,89.7,0,149439,77
"Powiat m. Bielsko-Biała","2022",817.1,17291,5226,100,96,0,166765,69.4
"Powiat lubliniecki","2022",810.7,2232,1930,36.68,84.8,0,75157,75.3
"Powiat tarnogórski","2022",850.8,10692,3387,66.62,92.7,0,139221,60.4
"Powiat m. Bytom","2022",773.9,20589,4247,100,94,0,149576,72.1
"Powiat m. Piekary Śląskie","2022",796.7,9521,1333,100,97.7,0,52137,68.9
"Powiat częstochowski","2022",837.8,1456,1467,12.95,86.1,0,132009,67.7
"Powiat kłobucki","2022",832.8,1020,821,19.98,76.5,0,82451,75.8
"Powiat myszkowski","2022",826.1,3359,1908,53.62,83.9,0,68054,75.9
"Powiat m. Częstochowa","2022",792.7,30652,5169,100,89.8,0,208282,62.6
"Powiat gliwicki","2022",870,6928,1922,51.7,90.5,0,113223,69.6
"Powiat m. Gliwice","2022",846.1,21257,5246,100,111.4,0,171023,60.3
"Powiat m. Zabrze","2022",778.7,28338,5789,100,97.1,0,155430,67.3
"Powiat m. Chorzów","2022",877.5,35483,3172,100,88.8,0,101914,57.6
"Powiat m. Katowice","2022",913.3,35752,19418,100,119.6,0,280190,64.4
"Powiat m. Mysłowice","2022",847.2,10590,25816,100,85.8,0,71643,58.3
"Powiat m. Ruda Śląska","2022",799.8,16216,3314,100,89.6,0,131532,66.3
"Powiat m. Siemianowice Śląskie","2022",801,14529,2439,100,88.8,0,63892,69.2
"Powiat m. Świętochłowice","2022",776.6,4939,1597,100,84.3,0,45795,76.2
"Powiat raciborski","2022",737.3,9195,2173,56.85,101.8,0,99974,77.2
"Powiat rybnicki","2022",864.6,2711,1264,34.75,84.4,0,76816,73.1
"Powiat wodzisławski","2022",815.5,10023,5413,63.25,81.7,0,151133,78.5
"Powiat m. Jastrzębie-Zdrój","2022",695.5,6336,2166,100,0,0,83139,73.3
"Powiat m. Rybnik","2022",831.4,14457,3866,100,91.5,0,131744,72.3
"Powiat m. Żory","2022",704,3517,1372,100,85.7,0,61817,59.7
"Powiat będziński","2022",904.3,14384,5985,72.63,84.6,0,145429,66.9
"Powiat zawierciański","2022",838.4,10140,2264,62.63,96,0,112774,74.4
"Powiat m. Dąbrowa Górnicza","2022",788.9,8650,5423,100,108.4,0,114765,61.6
"Powiat m. Jaworzno","2022",886.7,5497,1633,100,112.9,0,87552,64.7
"Powiat m. Sosnowiec","2022",821.3,35842,8229,100,91.4,0,189178,60.8
"Powiat mikołowski","2022",912.7,6829,1985,84.76,88.8,0,99602,77.9
"Powiat pszczyński","2022",825.2,3229,1588,22.77,89.2,0,110958,56.1
"Powiat bieruńsko-lędziński","2022",839.5,1186,809,75.28,83.8,0,59568,64.1
"Powiat m. Tychy","2022",728.3,16489,3075,100,93,0,123105,65.6
"Powiat gorzowski","2022",853.3,1748,1152,32.87,91.9,0,73480,68.8
"Powiat międzyrzecki","2022",800.4,3427,1293,51.46,84.9,0,55357,64
"Powiat słubicki","2022",805.4,2327,1605,63.85,88.3,0,45965,68.6
"Powiat strzelecko-drezdenecki","2022",776.1,3384,1059,47.51,85.4,0,47002,73.2
"Powiat sulęciński","2022",807.7,2580,816,42.16,79.6,0,33771,69
"Powiat m. Gorzów Wielkopolski","2022",726.7,18179,3802,100,87.8,0,116436,64.9
"Powiat krośnieński","2022",809,3598,1177,49.86,85.5,0,53105,66.1
"Powiat nowosolski","2022",788,6814,1917,64.93,86.6,0,82619,68.4
"Powiat świebodziński","2022",792.8,1557,1126,47.83,91.8,0,54268,68.4
"Powiat zielonogórski","2022",829.7,3365,1373,42.59,91.9,0,74967,60.4
"Powiat żagański","2022",729.9,7934,2155,59.62,81.5,0,74390,64.7
"Powiat żarski","2022",801.9,6975,2301,59.32,92,0,91897,60.6
"Powiat wschowski","2022",806.9,610,917,49.55,81.3,0,37441,75
"Powiat m. Zielona Góra","2022",792.9,13339,3961,100,96.4,0,139278,56.1
"Powiat jarociński","2022",679.3,4564,912,42.61,80.4,0,70037,84.5
"Powiat kaliski","2022",823.1,558,704,8.18,77.6,0,82503,70.6
"Powiat kępiński","2022",758.7,2285,1127,24.4,69.9,0,56071,81.7
"Powiat krotoszyński","2022",719.8,6663,1063,59.37,71.2,0,75317,76.1
"Powiat ostrowski","2022",680.2,12658,2671,51.26,82,0,158914,75.7
"Powiat ostrzeszowski","2022",682,2692,655,31.84,81.7,0,54638,76.4
"Powiat pleszewski","2022",732.9,5754,750,34.51,82.9,0,61523,78.4
"Powiat m. Kalisz","2022",711.5,27823,3435,100,86.2,0,93973,64.3
"Powiat gnieźnieński","2022",766.8,19866,2818,59.38,84,0,141748,69.4
"Powiat kolski","2022",697.8,5840,1341,35.15,89.1,0,82104,77.8
"Powiat koniński","2022",715.7,1413,1367,13.24,74.4,0,128883,78
"Powiat słupecki","2022",733.4,3592,822,27.59,81.3,0,57554,88.9
"Powiat turecki","2022",649.3,4340,1656,35.89,75.3,0,81377,89.5
"Powiat wrzesiński","2022",848.1,6480,1293,53.85,85.9,0,78176,79.4
"Powiat m. Konin","2022",645.6,12028,1924,100,88.2,0,68112,70
"Powiat gostyński","2022",806.4,3544,1319,43.15,85.6,0,73899,93.1
"Powiat grodziski","2022",818.4,3379,891,39.58,81.9,0,51626,75.7
"Powiat kościański","2022",790.6,7613,1111,46.42,88.5,0,77404,88.3
"Powiat leszczyński","2022",878.5,441,564,8.97,89.5,0,59531,74.7
"Powiat międzychodzki","2022",890.3,2573,576,44.45,83.8,0,35769,83.5
"Powiat nowotomyski","2022",816.3,2271,1205,44.04,85.8,0,75182,85.6
"Powiat rawicki","2022",786.7,2817,1110,47.11,79,0,58867,81.4
"Powiat wolsztyński","2022",922.9,2237,669,21.3,84,0,56743,73.4
"Powiat m. Leszno","2022",714,6451,1729,100,87,0,60642,84.6
"Powiat chodzieski","2022",740.6,3617,1016,64.06,82.7,0,45476,89.2
"Powiat czarnkowsko-trzcianecki","2022",785.8,5810,1426,45.59,86.6,0,84020,86.8
"Powiat pilski","2022",710.5,11198,3159,66.47,89.5,0,131265,76.2
"Powiat wągrowiecki","2022",819.7,5608,1281,48.38,79.3,0,69039,82.4
"Powiat złotowski","2022",708.8,10008,926,49.96,74,0,67589,79
"Powiat obornicki","2022",805.5,3632,1220,47.9,86.8,0,58988,81.4
"Powiat poznański","2022",886.9,10913,5743,30.48,85.6,0,442680,51.5
"Powiat szamotulski","2022",882.5,4589,2193,45.11,94.1,0,91649,83.3
"Powiat średzki","2022",855.6,2041,1154,40.67,90.6,0,59847,87.1
"Powiat śremski","2022",761.4,5297,899,53.03,80.2,0,61115,86.6
"Powiat m. Poznań","2022",877.7,43698,15374,100,109.8,0,541316,38.6
"Powiat białogardzki","2022",674.4,6663,1082,68.21,85.7,0,44771,78.4
"Powiat kołobrzeski","2022",796,5436,1626,60.15,83.3,0,77087,52.2
"Powiat koszaliński","2022",824.7,2196,1490,23.97,83.5,0,66364,54.9
"Powiat sławieński","2022",759,3679,1024,46.06,78.4,0,53384,66
"Powiat m. Koszalin","2022",677.8,15910,2273,100,90.3,0,104239,55.4
"Powiat choszczeński","2022",678.5,3785,885,47.64,83.1,0,44818,75.7
"Powiat drawski","2022",641.6,10180,1211,63.53,79.4,0,53960,71.1
"Powiat myśliborski","2022",749.1,4845,1378,58.36,84.6,0,62668,69.9
"Powiat pyrzycki","2022",677.7,2478,686,42.82,84.9,0,36785,75
"Powiat szczecinecki","2022",650.7,9713,1093,66.03,86.5,0,73308,72.8
"Powiat świdwiński","2022",619.4,5529,773,50.42,78.1,0,43577,73
"Powiat wałecki","2022",676.3,4911,876,61.04,87.8,0,50388,69.1
"Powiat łobeski","2022",666,2516,676,53.82,84,0,33762,60.2
"Powiat m. Szczecin","2022",786.5,29487,10954,100,103.6,0,391566,61.6
"Powiat goleniowski","2022",769.5,3615,2048,53.17,89.3,0,81486,73.8
"Powiat gryficki","2022",804.9,5620,1727,50.44,80,0,56961,58.9
"Powiat gryfiński","2022",765.7,3467,1498,46.15,87.7,0,77567,69.5
"Powiat kamieński","2022",1037,2619,969,51.46,79.4,0,44449,59
"Powiat policki","2022",834.3,3273,1112,36.62,98.8,0,84924,65.5
"Powiat stargardzki","2022",710.6,9054,2174,63.18,83.6,0,119190,61.6
"Powiat m. Świnoujście","2022",742.5,3399,1094,100,90.4,0,39368,51.9
"Powiat bolesławiecki","2022",861.4,4339,2947,47.1,92.2,0,87922,59.5
"Powiat jaworski","2022",795.9,2583,1180,53.6,91.6,0,47584,78.2
"Powiat karkonoski","2022",1107.6,3411,1825,42.45,83.9,0,61016,59.3
"Powiat kamiennogórski","2022",790.3,3470,820,56.37,82.8,0,40786,80.3
"Powiat lubański","2022",852.6,3907,1687,61.89,82.3,0,51886,46.7
"Powiat lwówecki","2022",863.7,3052,1511,49.73,83.2,0,43157,82.8
"Powiat zgorzelecki","2022",874.5,4836,3260,66.95,89.2,0,85898,47.7
"Powiat złotoryjski","2022",805,3362,1349,48.47,93,0,40929,66
"Powiat m. Jelenia Góra","2022",823.1,4435,3628,100,93.7,0,75794,65.7
"Powiat głogowski","2022",709.2,7028,2455,73.39,87.3,0,85689,69.4
"Powiat górowski","2022",704.2,2106,1168,41.09,80.9,0,32738,77.6
"Powiat legnicki","2022",896.5,2472,1840,29.03,91.2,0,55032,48.6
"Powiat lubiński","2022",733.3,6987,3206,71.27,169.4,0,103426,60
"Powiat polkowicki","2022",742.2,4541,2513,56.38,102.3,0,61308,70.3
"Powiat m. Legnica","2022",777,10198,3978,100,90.5,0,93040,48.2
"Powiat dzierżoniowski","2022",780.3,10797,1848,78.16,85.4,0,95863,78.7
"Powiat kłodzki","2022",858.7,15328,3305,63.25,84.6,0,148681,71
"Powiat świdnicki","2022",847.2,7397,3612,67.44,90.4,0,151248,65.3
"Powiat wałbrzyski","2022",885.9,4932,2139,64.07,81,0,53115,77.7
"Powiat ząbkowicki","2022",793.4,3062,952,51.62,83.7,0,61087,74.8
"Powiat m. Wałbrzych od 2013","2022",764.1,17292,3177,100,100.4,0,101857,75.8
"Powiat milicki","2022",790.7,787,614,30.31,79.2,0,35826,72.6
"Powiat oleśnicki","2022",831.1,7274,2016,54.81,85.9,0,106481,67.6
"Powiat oławski","2022",843.4,4791,1553,62.43,89.9,0,77300,64
"Powiat strzeliński","2022",848,4369,985,33.97,94.3,0,41990,72.1
"Powiat średzki","2022",981.2,528,1464,16.33,94.2,0,58508,71.2
"Powiat trzebnicki","2022",946.1,2830,1386,35.61,87.3,0,87287,75.3
"Powiat wołowski","2022",760.7,2122,856,53.93,117.9,0,45728,68.9
"Powiat wrocławski","2022",1052.5,1782,3164,13.6,106.8,0,182778,42.1
"Powiat m. Wrocław","2022",914,30341,23516,100,110.2,0,674079,39.4
"Powiat brzeski","2022",811.9,7359,1867,54.63,85.4,0,86730,67.4
"Powiat głubczycki","2022",786.5,1796,610,46.77,89.2,0,43065,68.9
"Powiat namysłowski","2022",827.4,2506,707,40.11,86.9,0,42155,79.3
"Powiat nyski","2022",847.9,6139,2311,53.11,85.3,0,129353,70.7
"Powiat prudnicki","2022",892.6,5152,884,52.02,81.5,0,51910,84.6
"Powiat kędzierzyńsko-kozielski","2022",849.1,6846,1402,63.41,100.8,0,87011,67.6
"Powiat kluczborski","2022",769,5691,1122,50.26,84.7,0,61714,69.6
"Powiat krapkowicki","2022",838.3,2993,889,53.57,95.8,0,59963,59.8
"Powiat oleski","2022",758.4,2003,1000,35.99,82.4,0,61662,80.6
"Powiat opolski","2022",980.9,2064,1364,16.73,85.6,0,120762,65.7
"Powiat strzelecki","2022",801.2,3667,973,43.48,90.7,0,71658,61.7
"Powiat m. Opole","2022",856.1,8094,3263,100,97.8,0,126458,46.2
"Powiat bydgoski","2022",925.5,6167,1768,20.82,86.4,0,125436,68.4
"Powiat toruński","2022",923,6644,2093,12.18,81.2,0,113565,73.5
"Powiat m. Bydgoszcz","2022",693.9,41587,8711,100,96,0,330038,70.6
"Powiat m. Toruń","2022",691.9,19046,5657,100,96.2,0,195690,68.3
"Powiat brodnicki","2022",827.7,4785,1137,42.9,77.2,0,78057,85.1
"Powiat chełmiński","2022",700.7,4028,931,36.98,79.6,0,49562,74.9
"Powiat golubsko-dobrzyński","2022",828.3,9599,859,35.63,89.7,0,43547,81.3
"Powiat grudziądzki","2022",852.4,3464,375,12.43,82.4,0,39162,60.9
"Powiat rypiński","2022",781.1,4778,596,37.47,76.7,0,41404,79
"Powiat wąbrzeski","2022",772.4,4631,3091,39.84,84.3,0,32756,76.1
"Powiat m. Grudziądz","2022",590.7,22305,2095,100,79,0,89450,64.9
"Powiat aleksandrowski","2022",810.6,3081,1135,43.83,78.4,0,53736,75.9
"Powiat lipnowski","2022",779.9,3676,961,29.99,73.2,0,63051,72.1
"Powiat radziejowski","2022",857.6,1625,432,24.53,78.3,0,38173,77.1
"Powiat włocławski","2022",782.7,2363,952,19.53,78.9,0,82599,57.5
"Powiat m. Włocławek","2022",610.3,12474,5320,100,87.9,0,102102,68.2
"Powiat inowrocławski","2022",733,20868,2869,64.11,84.3,0,151925,75.5
"Powiat mogileński","2022",818.9,5160,458,37.39,81.8,0,43853,77.2
"Powiat nakielski","2022",756.1,9723,1932,42.13,88.1,0,83148,82.1
"Powiat żniński","2022",780,7886,978,41.77,77.1,0,67936,80
"Powiat sępoleński","2022",740.9,3422,705,43.09,78,0,39218,67.8
"Powiat świecki","2022",757.7,10038,1580,34.79,86.4,0,95359,68.8
"Powiat tucholski","2022",734.7,4184,689,27.88,77,0,47109,66.5
"Powiat gdański","2022",802.7,7207,2570,24.64,96.4,0,129983,58.7
"Powiat kartuski","2022",833.3,8491,3491,13.58,84.3,0,151934,65.4
"Powiat nowodworski","2022",871.1,3480,655,31.58,85.7,0,33815,70.2
"Powiat pucki","2022",936.9,4296,1744,28.01,87.9,0,90942,65
"Powiat wejherowski","2022",770.8,8938,5666,56.1,82.9,0,227406,63.9
"Powiat bytowski","2022",623.9,3288,1241,33.85,88.9,0,76715,82.7
"Powiat lęborski","2022",696.2,4822,1542,58.31,88.3,0,63900,58.9
"Powiat słupski","2022",742.3,3964,1577,17.93,83.9,0,96231,76
"Powiat m. Słupsk","2022",685.2,7032,3063,100,88.1,0,86365,66.6
"Powiat kwidzyński","2022",611.9,5688,1354,56.23,87.1,0,80636,76.5
"Powiat malborski","2022",630.7,8542,1184,67.28,79.6,0,61012,68.6
"Powiat starogardzki","2022",686.4,14736,2416,46.61,95.9,0,125437,66.7
"Powiat tczewski","2022",637.4,15669,2182,63.39,91,0,111755,66.9
"Powiat sztumski","2022",605.4,5604,548,36.79,83.5,0,38678,72.2
"Powiat m. Gdańsk","2022",805.8,48901,15464,100,117.5,0,486345,41.8
"Powiat m. Gdynia","2022",780.2,22182,5068,100,104.2,0,242874,57.4
"Powiat m. Sopot","2022",1012.1,2122,1598,100,114.9,0,32276,58.4
"Powiat chojnicki","2022",712.2,11742,1438,56.09,81,0,96218,76.7
"Powiat człuchowski","2022",641.5,6507,735,44.27,83.7,0,53558,69.5
"Powiat kościerski","2022",733.5,7043,1295,32.41,81.4,0,72227,77.5
"Powiat braniewski","2022",697.3,4259,735,54.88,80.1,0,37851,77.1
"Powiat działdowski","2022",648.2,4483,1207,44.68,78.6,0,61917,75.9
"Powiat elbląski","2022",713.6,2233,828,29.29,77.6,0,54615,63.7
"Powiat iławski","2022",760.6,4517,2021,57.94,75.8,0,90218,74.3
"Powiat nowomiejski","2022",896.5,1922,677,24.2,69.6,0,42209,86.5
"Powiat ostródzki","2022",718.6,6126,1992,49.44,80.6,0,99744,67.7
"Powiat m. Elbląg","2022",602.5,19788,2884,100,88,0,113567,61.4
"Powiat ełcki","2022",752.1,5655,1501,67.78,78.1,0,88621,82.5
"Powiat giżycki","2022",833.3,7038,959,56.1,82,0,54016,68.4
"Powiat olecki","2022",868,4260,578,49.01,80.5,0,32222,86.8
"Powiat piski","2022",819.1,7584,908,59.01,83.2,0,52537,79.6
"Powiat gołdapski","2022",708.1,6383,1356,52.82,76.6,0,25147,88.7
"Powiat węgorzewski","2022",823.7,3000,317,50.66,79.6,0,21062,79
"Powiat bartoszycki","2022",644.4,11044,877,55.27,80.7,0,53220,77.5
"Powiat kętrzyński","2022",654.1,9693,1007,58.09,78.2,0,57792,81.7
"Powiat lidzbarski","2022",706.8,6241,563,58.97,76.9,0,38539,74.6
"Powiat mrągowski","2022",806.4,7001,709,50.6,79,0,47861,68.3
"Powiat nidzicki","2022",668,3246,960,41.6,76.5,0,30666,80.1
"Powiat olsztyński","2022",833.3,7879,1721,28.6,87.5,0,129555,66.5
"Powiat szczycieński","2022",741.1,2917,1217,41.05,82.1,0,66859,71
"Powiat m. Olsztyn","2022",670.6,17971,4178,100,97,0,168212,59.8
"Powiat łódzki wschodni","2022",1015.3,1682,1115,30.6,81.7,0,74361,62.6
"Powiat pabianicki","2022",956.9,4388,1928,68.8,84.3,0,119316,61.7
"Powiat zgierski","2022",1023.2,9712,3208,66.64,89.8,0,166537,68.3
"Powiat brzeziński","2022",914.7,997,612,39.66,78.5,0,30246,70.7
"Powiat m. Łódź","2022",855.2,90984,15694,100,98.9,0,658444,39.1
"Powiat bełchatowski","2022",706.9,6205,1765,55.03,121.4,0,109035,79.1
"Powiat opoczyński","2022",610.4,1450,1284,31.53,81.5,0,72310,83.4
"Powiat piotrkowski","2022",854.2,1206,1526,9.13,78.7,0,90519,89
"Powiat radomszczański","2022",729.9,6204,1727,45.78,79.5,0,107575,73.5
"Powiat tomaszowski","2022",781.6,10810,2370,52.13,81.7,0,111439,66.7
"Powiat m. Piotrków Trybunalski","2022",715.3,16385,1826,100,81.5,0,67264,63.9
"Powiat łaski","2022",899.2,3798,736,33.05,78.2,0,48992,65
"Powiat pajęczański","2022",674.4,1126,483,23.93,81.5,0,49064,72.8
"Powiat poddębicki","2022",913.2,1047,493,24.74,110,0,39621,64.3
"Powiat sieradzki","2022",875.1,4629,1872,42.34,83.9,0,112350,66.6
"Powiat wieluński","2022",736.3,3583,1255,28.47,82,0,73140,66.4
"Powiat wieruszowski","2022",729.6,1200,771,25.52,75.7,0,41583,71.3
"Powiat zduńskowolski","2022",755.6,5198,1088,63.72,83.6,0,63742,78.8
"Powiat kutnowski","2022",718.8,15470,1860,57.8,86.5,0,91563,62.1
"Powiat łęczycki","2022",896,1902,736,31.39,89.9,0,47002,68.7
"Powiat łowicki","2022",908,4170,1832,35.18,80.5,0,74606,63.1
"Powiat rawski","2022",883.2,2234,603,41.23,82.8,0,46415,78
"Powiat skierniewicki","2022",826.5,14,433,2.38,80.7,0,37799,54.4
"Powiat m. Skierniewice","2022",729.9,3845,1022,100,86.5,0,45560,66.7
"Powiat kielecki","2022",641.6,910,3027,8.79,78.9,0,211774,68.9
"Powiat konecki","2022",598.5,2143,1498,34.43,81.9,0,74558,66.3
"Powiat ostrowiecki","2022",565.5,4519,1730,67.66,80.4,0,101311,68.7
"Powiat skarżyski","2022",634.3,6392,1956,71.48,85.1,0,69087,69.8
"Powiat starachowicki","2022",575.6,8091,1715,56.2,85.5,0,84514,74.3
"Powiat m. Kielce","2022",707.5,13236,5899,100,92.2,0,183885,61.2
"Powiat buski","2022",631.8,1711,1086,26.52,80.7,0,68470,75.3
"Powiat jędrzejowski","2022",684,2221,985,30.4,86.9,0,81786,66.6
"Powiat kazimierski","2022",748.9,239,528,20.51,76,0,31966,87.3
"Powiat opatowski","2022",618.8,1085,849,23.45,76.2,0,48894,80.9
"Powiat pińczowski","2022",643.7,2001,756,28.9,86.7,0,37011,69
"Powiat sandomierski","2022",601.2,2601,1177,37.62,88.8,0,72616,77.3
"Powiat staszowski","2022",580,1455,1624,37.59,87.3,0,69001,70.7
"Powiat włoszczowski","2022",673.7,638,536,22.21,89.2,0,43291,66.4
"Powiat bialski","2022",687,3484,1639,19.63,78.9,0,105530,81.1
"Powiat parczewski","2022",669.1,1149,559,31.58,80.5,0,32608,77.3
"Powiat radzyński","2022",640.1,2886,892,26.04,82.7,0,55493,83.7
"Powiat włodawski","2022",638.1,3335,565,34.26,78.1,0,35802,88.3
"Powiat m. Biała Podlaska","2022",667.4,8537,1135,100,84.9,0,54768,80
"Powiat biłgorajski","2022",611,2390,893,33.76,76.2,0,97055,78.6
"Powiat chełmski","2022",616.2,901,911,9.92,76.5,0,74358,80.8
"Powiat hrubieszowski","2022",669.4,3417,881,28.11,81.8,0,57594,88.6
"Powiat krasnostawski","2022",610.6,1932,843,32.19,80.2,0,59754,81.3
"Powiat tomaszowski","2022",573.4,2041,1259,30.86,76.1,0,77963,86
"Powiat zamojski","2022",600,784,1427,10.47,73.5,0,101388,84.3
"Powiat m. Chełm","2022",602,5542,1431,100,83.8,0,57933,76.7
"Powiat m. Zamość","2022",565.7,9185,1131,100,87.6,0,58942,81.8
"Powiat lubartowski","2022",656.3,1739,1174,31.41,78.3,0,84578,83.5
"Powiat lubelski","2022",676,1728,1500,6.47,76.3,0,163209,61.6
"Powiat łęczyński","2022",630.9,1420,847,31.87,127.4,0,55926,81.3
"Powiat świdnicki","2022",630.1,3559,1288,56.66,91.9,0,69586,73.4
"Powiat m. Lublin","2022",733.2,26338,7376,100,95.5,0,331243,58.8
"Powiat janowski","2022",542.9,410,398,28.85,83.1,0,43188,70.8
"Powiat kraśnicki","2022",541.3,2620,1150,39.69,76.6,0,90085,82.4
"Powiat łukowski","2022",681.7,3201,1258,29.39,78.4,0,101536,76.3
"Powiat opolski","2022",641,5569,809,30.51,76.5,0,56163,75.8
"Powiat puławski","2022",672,4347,1880,47.51,93.3,0,107914,71.8
"Powiat rycki","2022",617,2023,826,45.04,79.9,0,52021,78.1
"Powiat bieszczadzki","2022",578,4346,215,40.95,85.7,0,20777,75.7
"Powiat brzozowski","2022",493.8,586,579,11.39,75.3,0,63591,79.6
"Powiat jasielski","2022",510.5,5838,1162,31.46,81.3,0,109582,65.4
"Powiat krośnieński","2022",510,784,1584,11.6,72.2,0,109122,70.9
"Powiat sanocki","2022",544.6,4771,1200,43.94,78.5,0,90294,73.9
"Powiat leski","2022",731.9,989,378,20.23,87,0,25565,90.8
"Powiat m. Krosno","2022",567.5,3257,702,100,80.8,0,44322,57.7
"Powiat jarosławski","2022",552.7,7447,1040,38.01,79.2,0,116458,73.3
"Powiat lubaczowski","2022",515.7,1475,562,34.17,76.3,0,52983,75.8
"Powiat przemyski","2022",570.5,448,742,1.14,75.4,0,71393,62.2
"Powiat przeworski","2022",521.3,1477,732,25.75,76.2,0,76094,76.8
"Powiat m. Przemyśl","2022",640.5,10850,1208,100,81.3,0,56802,63.6
"Powiat kolbuszowski","2022",459.6,831,649,13.95,75.8,0,61389,65.7
"Powiat łańcucki","2022",556.5,1306,840,21.84,79.7,0,80802,80.8
"Powiat ropczycko-sędziszowski","2022",518.5,599,754,38.07,79.7,0,74066,65.9
"Powiat rzeszowski","2022",552.4,830,1652,19.22,84.8,0,174805,62.2
"Powiat strzyżowski","2022",500.9,1294,424,14.25,72.1,0,59514,66.3
"Powiat m. Rzeszów","2022",682.6,21878,4461,100,97.1,0,197181,48.4
"Powiat dębicki","2022",578.6,5057,1679,38.35,82.1,0,132873,66
"Powiat leżajski","2022",429.8,2650,687,27.36,80.1,0,67015,79
"Powiat mielecki","2022",561.5,5140,1752,46.91,87.2,0,133320,63.5
"Powiat niżański","2022",472.5,1309,885,35.03,74.9,0,64057,62.9
"Powiat stalowowolski","2022",535.2,2536,1375,57.71,86.8,0,101637,63.4
"Powiat tarnobrzeski","2022",494.8,2170,672,23.1,85.7,0,51300,82.9
"Powiat m. Tarnobrzeg","2022",522.7,7131,975,100,81.7,0,44156,70.3
"Powiat białostocki","2022",855.4,6876,2161,34.77,83.5,0,156370,71
"Powiat sokólski","2022",712,4817,938,42.8,82.1,0,62063,85.9
"Powiat m. Białystok","2022",639.9,40584,5558,100,92.2,0,292600,64.4
"Powiat bielski","2022",801.7,3253,710,53.89,102,0,51151,81.9
"Powiat hajnowski","2022",742.7,4341,849,51.48,101,0,39427,86.7
"Powiat kolneński","2022",965.7,1549,461,33.28,81.6,0,35921,78.3
"Powiat łomżyński","2022",1023.3,426,479,7.62,90.8,0,49711,69
"Powiat siemiatycki","2022",732.8,1001,691,37.16,81.1,0,41114,88.7
"Powiat wysokomazowiecki","2022",1071.1,1037,662,33.3,90.5,0,53842,76.9
"Powiat zambrowski","2022",973.8,2193,717,50.55,83.5,0,41550,84.8
"Powiat m. Łomża","2022",635,6976,1333,100,86.9,0,60128,71.7
"Powiat augustowski","2022",863.4,2733,1624,56.93,90.2,0,54917,86.8
"Powiat grajewski","2022",804.3,3388,3937,57.43,91.6,0,44724,84.8
"Powiat moniecki","2022",799.9,1757,518,36.84,82.5,0,37732,71.1
"Powiat sejneński","2022",1015,952,336,26.29,94.1,0,18802,82.5
"Powiat suwalski","2022",1021.2,869,434,0,79.4,0,34778,65
"Powiat m. Suwałki","2022",654.9,11149,1417,100,82.7,0,68525,76.3
"Powiat m. st. Warszawa","2022",1075.6,100514,55791,100,127.4,0,1861975,45.3
"Powiat legionowski","2022",957,5295,2909,44.48,90,0,130278,60.7
"Powiat miński","2022",935.9,4135,2081,46.38,86.3,0,159034,63.5
"Powiat otwocki","2022",1062.3,4805,2610,58.86,96.5,0,126649,71
"Powiat wołomiński","2022",895.7,8350,7985,70.97,90.5,0,273411,48
"Powiat grodziski","2022",1049.7,3071,2458,52.38,106.5,0,104434,61.7
"Powiat nowodworski","2022",889.6,3117,1912,49.04,112.4,0,79719,64.9
"Powiat piaseczyński","2022",1201.2,6420,3907,40.12,96.9,0,212129,49.4
"Powiat pruszkowski","2022",1010.3,6825,3483,57.76,112.1,0,178037,53.6
"Powiat warszawski zachodni","2022",1071.1,727,2610,34.1,105.5,0,133217,48.1
"Powiat ciechanowski","2022",710.8,10618,1859,52.31,92.7,0,85627,68.5
"Powiat mławski","2022",751.2,4483,1334,44.35,80.3,0,69521,70.8
"Powiat płoński","2022",789.6,3426,2161,35.63,84.4,0,84387,70.1
"Powiat pułtuski","2022",758.7,5644,1788,38.02,82.1,0,50557,80.5
"Powiat żuromiński","2022",822.3,1504,404,32.68,80.4,0,35882,85.5
"Powiat makowski","2022",920.4,2853,899,27.64,81.9,0,42109,86
"Powiat ostrołęcki","2022",865.2,308,886,3.68,84.4,0,87503,72.9
"Powiat ostrowski","2022",880.7,2933,1471,33.93,85.4,0,68881,69.3
"Powiat przasnyski","2022",906.1,1874,945,39.1,85.8,0,49408,83
"Powiat wyszkowski","2022",804.2,2251,1256,35.52,82.8,0,73562,59.6
"Powiat m. Ostrołęka","2022",610.9,6533,1422,100,99.5,0,48712,75.3
"Powiat białobrzeski","2022",771.6,498,592,22.48,83,0,32614,76.6
"Powiat kozienicki","2022",769.3,1577,801,27.4,108.5,0,57523,70.5
"Powiat lipski","2022",650.9,426,422,18.75,83.4,0,31839,66.7
"Powiat przysuski","2022",700.3,191,459,13.82,83,0,39031,60.8
"Powiat radomski","2022",652.3,3424,1730,19.2,80.7,0,151202,64.3
"Powiat szydłowiecki","2022",614.9,708,464,28.24,78.6,0,37791,66.2
"Powiat zwoleński","2022",649.3,690,525,20.96,84.1,0,34535,75.6
"Powiat m. Radom","2022",684,22686,4626,100,92.2,0,197848,60.7
"Powiat gostyniński","2022",720.2,3482,760,44.46,86.6,0,42633,66.4
"Powiat płocki","2022",777,1207,1516,8.36,86.1,0,109735,70.8
"Powiat sierpecki","2022",756.5,4667,1312,35,82.1,0,48639,84.8
"Powiat m. Płock","2022",624.4,22347,2676,100,117.8,0,112483,67.3
"Powiat garwoliński","2022",774.4,1720,1359,28.4,85,0,105620,79.9
"Powiat łosicki","2022",810,667,542,23.79,80,0,28941,67.3
"Powiat siedlecki","2022",831.4,131,939,1.99,80.7,0,80492,65
"Powiat sokołowski","2022",852.5,965,900,40.39,81.4,0,50618,71
"Powiat węgrowski","2022",842.9,2983,1420,29.56,86.3,0,62271,70.6
"Powiat m. Siedlce","2022",701,9560,1464,100,93,0,75623,64.5
"Powiat grójecki","2022",977,2452,2130,35.45,93.2,0,97395,66.4
"Powiat sochaczewski","2022",879.1,4292,1989,40.44,104.3,0,83333,69.4
"Powiat żyrardowski","2022",887.1,7533,1637,61.48,95.5,0,75414,52.4
